{
    "temperature:": [
        22.36296,
        21.42667,
        21.42667,
        22.36296,
        21.42667,
        21.42667,
        21.89481,
        21.42667,
        21.42667,
        21.42667,
        21.42667,
        21.42667,
        21.89481,
        21.42667,
        21.42667,
        21.42667,
        21.89481,
        21.42667,
        21.42667,
        21.42667,
        21.89481,
        21.42667
    ],
    "time:": [
        20.0,
        20.0,
        20.0,
        20.0,
        20.0,
        20.0,
        20.0,
        20.0,
        20.0,
        20.0,
        20.0,
        20.0,
        20.0,
        20.0,
        20.0,
        20.0,
        20.0,
        20.0,
        20.0,
        20.0,
        20.0,
        20.0
    ]
}