{
    "temperature:": [
        18.61781,
        19.08595,
        17.68152,
        18.61781,
        17.68152,
        18.61781,
        18.61781,
        19.08595,
        19.08595,
        19.08595,
        19.08595,
        18.61781,
        18.61781,
        18.61781,
        18.61781,
        18.61781,
        18.61781,
        18.61781,
        18.61781,
        19.08595,
        18.61781,
        17.68152,
        17.68152,
        19.08595,
        18.61781,
        18.61781,
        19.08595,
        19.08595,
        18.61781,
        18.61781,
        18.61781,
        19.08595,
        18.61781,
        18.61781,
        18.14966,
        18.61781,
        18.61781,
        18.61781,
        18.61781,
        18.61781,
        18.61781,
        18.61781,
        18.61781,
        19.08595,
        18.61781,
        18.61781,
        18.61781,
        19.08595,
        19.08595,
        17.68152,
        18.61781,
        18.61781,
        19.08595,
        18.61781,
        18.61781,
        18.61781,
        19.08595,
        19.08595,
        19.08595
    ],
    "time:": [
        20.0,
        20.0,
        20.0,
        20.0,
        20.0,
        20.0,
        20.0,
        20.0,
        20.0,
        20.0,
        20.0,
        20.0,
        20.0,
        20.0,
        20.0,
        20.0,
        20.0,
        20.0,
        20.0,
        20.0,
        20.0,
        20.0,
        20.0,
        20.0,
        20.0,
        20.0,
        20.0,
        20.0,
        20.0,
        20.0,
        20.0,
        20.0,
        20.0,
        20.0,
        20.0,
        20.0,
        20.0,
        20.0,
        20.0,
        20.0,
        20.0,
        20.0,
        20.0,
        20.0,
        20.0,
        20.0,
        20.0,
        20.0,
        20.0,
        20.0,
        20.0,
        20.0,
        20.0,
        20.0,
        20.0,
        20.0,
        20.0,
        20.0,
        20.0
    ],
    "Prashant:": [
        100.0,
        100.0,
        100.0,
        100.0,
        100.0,
        100.0,
        100.0,
        100.0,
        100.0,
        100.0,
        100.0,
        100.0,
        100.0,
        100.0,
        100.0,
        100.0,
        100.0,
        100.0,
        100.0,
        100.0,
        100.0,
        100.0,
        100.0,
        100.0,
        100.0,
        100.0,
        100.0,
        100.0,
        100.0,
        100.0,
        100.0,
        100.0,
        100.0,
        100.0,
        100.0,
        100.0,
        100.0,
        100.0,
        100.0,
        100.0,
        100.0,
        100.0,
        100.0,
        100.0,
        100.0,
        100.0,
        100.0,
        100.0,
        100.0,
        100.0,
        100.0,
        100.0,
        100.0,
        100.0,
        100.0,
        100.0,
        100.0,
        100.0,
        100.0
    ]
}